key_point_id,key_point,topic,stance
kp_0_0,Η υποβοηθούμενη αυτοκτονία δίνει αξιοπρέπεια στο άτομο που θέλει να την διαπράξει,Η υποβοηθούμενη αυτοκτονία θα πρέπει να είναι ποινικό αδίκημα,-1
kp_0_1,Η υποβοηθούμενη αυτοκτονία μειώνει τον πόνο,Η υποβοηθούμενη αυτοκτονία θα πρέπει να είναι ποινικό αδίκημα,-1
kp_0_2,Οι άνθρωποι θα πρέπει να έχουν την ελευθερία να επιλέξουν να τερματίσουν τη ζωή τους,Η υποβοηθούμενη αυτοκτονία θα πρέπει να είναι ποινικό αδίκημα,-1
kp_0_3,Οι ανίατα άρρωστοι θα ωφελούνταν από την υποβοηθούμενη αυτοκτονία,Η υποβοηθούμενη αυτοκτονία θα πρέπει να είναι ποινικό αδίκημα,-1
kp_0_4,Η υποβοηθούμενη αυτοκτονία επιτρέπει στους ανθρώπους να ζητήσουν από κάποιον να πεθάνει για το δικό τους όφελος,Η υποβοηθούμενη αυτοκτονία θα πρέπει να είναι ποινικό αδίκημα,1
kp_0_5,Η υποβοηθούμενη αυτοκτονία είναι παρόμοια με το να σκοτώσεις κάποιον,Η υποβοηθούμενη αυτοκτονία θα πρέπει να είναι ποινικό αδίκημα,1
kp_0_6,Η υποβοηθούμενη αυτοκτονία δεν πρέπει να επιτρέπεται γιατί πολλές φορές οι άνθρωποι μπορούν ακόμα να βελτιωθούν,Η υποβοηθούμενη αυτοκτονία θα πρέπει να είναι ποινικό αδίκημα,1
kp_0_7,Η υποβοηθούμενη αυτοκτονία παραβιάζει το ρόλο του γιατρού,Η υποβοηθούμενη αυτοκτονία θα πρέπει να είναι ποινικό αδίκημα,1
kp_0_8,Οι άνθρωποι δεν έχουν το δικαίωμα να βλάψουν τον εαυτό τους/τους άλλους,Η υποβοηθούμενη αυτοκτονία θα πρέπει να είναι ποινικό αδίκημα,1
kp_0_9,Οι άνθρωποι που είναι άρρωστοι δεν έχουν σαφή κρίση και χρειάζονται βοήθεια,Η υποβοηθούμενη αυτοκτονία θα πρέπει να είναι ποινικό αδίκημα,1
kp_1_0,Η κατ’ οίκον εκπαίδευση είναι συχνά η καλύτερη επιλογή για την κάλυψη των αναγκών των εξαιρετικών/θρησκευτικών/αρρώστων/αναπήρων μαθητών.,Η κατ’ οίκον εκπαίδευση θα πρέπει να απαγορευτεί,-1
kp_1_1,Η κατ’ οίκον εκπαίδευση μπορεί να προσαρμοστεί στο ρυθμό/τις ανάγκες του παιδιού,Η κατ’ οίκον εκπαίδευση θα πρέπει να απαγορευτεί,-1
kp_1_2,Τα συμβατικά σχολεία έχουν πολλή βία/εκφοβισμό,Η κατ’ οίκον εκπαίδευση θα πρέπει να απαγορευτεί,-1
kp_1_3,Οι γονείς θα πρέπει να έχουν τη δυνατότητα να επιλέγουν την εκπαίδευση των παιδιών τους,Η κατ’ οίκον εκπαίδευση θα πρέπει να απαγορευτεί,-1
kp_1_4,Οι γονείς θα έχουν περισσότερη ικανότητα να δώσουν προσοχή/να εκπαιδεύσουν το παιδί τους,Η κατ’ οίκον εκπαίδευση θα πρέπει να απαγορευτεί,-1
kp_1_5,Το σπίτι είναι ένα καλό περιβάλλον μάθησης,Η κατ’ οίκον εκπαίδευση θα πρέπει να απαγορευτεί,-1
kp_1_6,Τα κανονικά σχολεία είναι απαραίτητα για την ανάπτυξη κοινωνικών δεξιοτήτων,Η κατ’ οίκον εκπαίδευση θα πρέπει να απαγορευτεί,1
kp_1_7,Οι γονείς δεν έχουν τα προσόντα για να γίνουν δάσκαλοι,Η κατ’ οίκον εκπαίδευση θα πρέπει να απαγορευτεί,1
kp_1_8,Τα κατ’ οίκον σχολεία δεν μπορούν να ρυθμιστούν/τυποποιηθούν,Η κατ’ οίκον εκπαίδευση θα πρέπει να απαγορευτεί,1
kp_1_9,Τα σχολεία της γενικής εκπαίδευσης είναι υψηλότερης εκπαιδευτικής ποιότητας,Η κατ’ οίκον εκπαίδευση θα πρέπει να απαγορευτεί,1
kp_2_0,Η αγαμία επιτρέπει στον ιερέα να επικεντρωθεί στο Θεό,Ο όρκος της αγαμίας πρέπει να εγκαταλειφθεί,-1
kp_2_1,Η αγαμία είναι μια ισχυρή θρησκευτική πεποίθηση,Ο όρκος της αγαμίας πρέπει να εγκαταλειφθεί,-1
kp_2_2,Η αγαμία κάνει τους ιερείς να γίνονται αντιληπτοί ως άγιοι,Ο όρκος της αγαμίας πρέπει να εγκαταλειφθεί,-1
kp_2_3,Οι ιερείς επιλέγουν να είναι άγαμοι,Ο όρκος της αγαμίας πρέπει να εγκαταλειφθεί,-1
kp_2_4,Θρησκευτικές εμπειρίες και παραδόσεις πρέπει να διατηρηθούν,Ο όρκος της αγαμίας πρέπει να εγκαταλειφθεί,-1
kp_2_5,Η κατάργηση της αγαμίας θα μπορούσε να οδηγήσει σε σεξουαλικά απρόσεκτες πράξεις,Ο όρκος της αγαμίας πρέπει να εγκαταλειφθεί,-1
kp_2_6,Η αγαμία είναι ξεπερασμένη,Ο όρκος της αγαμίας πρέπει να εγκαταλειφθεί,1
kp_2_7,Η αγαμία είναι πολύ πιεστική/δύσκολη,Ο όρκος της αγαμίας πρέπει να εγκαταλειφθεί,1
kp_2_8,Η αγαμία είναι ανθυγιεινή/αφύσικη,Ο όρκος της αγαμίας πρέπει να εγκαταλειφθεί,1
kp_2_9,Η αγαμία οδηγεί σε λανθασμένη σεξουαλική συμπεριφορά,Ο όρκος της αγαμίας πρέπει να εγκαταλειφθεί,1
kp_2_10,Η αγαμία μειώνει την ποσότητα των ανθρώπων που θέλουν να γίνουν ιερείς,Ο όρκος της αγαμίας πρέπει να εγκαταλειφθεί,1
kp_3_0,Γαμήλια επιδόματα τέκνων,Πρέπει να εγκαταλείψουμε το γάμο,-1
kp_3_1,"Ο γάμος είναι σημαντικός για τους ανθρώπους, είτε γενικά είτε για θρησκευτικούς/παραδοσιακούς λόγους",Πρέπει να εγκαταλείψουμε το γάμο,-1
kp_3_2,Ο γάμος κάνει τους ανθρώπους ευτυχισμένους,Πρέπει να εγκαταλείψουμε το γάμο,-1
kp_3_3,Ο γάμος κάνει το ζευγάρι πιο κοντά,Πρέπει να εγκαταλείψουμε το γάμο,-1
kp_3_4,Ο γάμος παρέχει σημαντικά οικονομικά οφέλη,Πρέπει να εγκαταλείψουμε το γάμο,-1
kp_3_5,Ο γάμος διατηρεί κανόνες που είναι επιβλαβείς για τις γυναίκες,Πρέπει να εγκαταλείψουμε το γάμο,1
kp_3_6,Οι γάμοι είναι ασταθείς,Πρέπει να εγκαταλείψουμε το γάμο,1
kp_3_7,Οι γάμοι δένουν τους ανθρώπους με άδικες υποχρεώσεις,Πρέπει να εγκαταλείψουμε το γάμο,1
kp_3_8,Τα περισσότερα από τα πλεονεκτήματα του γάμου επιτυγχάνονται με μια μονογαμική σχέση,Πρέπει να εγκαταλείψουμε το γάμο,1
kp_5_0,Η θανατική ποινή βοηθά το θύμα/την οικογένειά του,Πρέπει να καταργήσουμε τη θανατική ποινή,-1
kp_5_1,Η θανατική ποινή είναι αναλογική,Πρέπει να καταργήσουμε τη θανατική ποινή,-1
kp_5_2,Η θανατική ποινή αποτρέπει τα εγκλήματα,Πρέπει να καταργήσουμε τη θανατική ποινή,-1
kp_5_3,Η θανατική ποινή εξοικονομεί κόστος για το κράτος,Πρέπει να καταργήσουμε τη θανατική ποινή,-1
kp_5_4,Η θανατική ποινή είναι αποδεκτή σε περιπτώσεις σοβαρών εγκλημάτων,Πρέπει να καταργήσουμε τη θανατική ποινή,-1
kp_5_5,Η κρατικά επικυρωμένη δολοφονία είναι καταρχήν λάθος,Πρέπει να καταργήσουμε τη θανατική ποινή,1
kp_5_6,Η θανατική ποινή βλάπτει τους άνεργους,Πρέπει να καταργήσουμε τη θανατική ποινή,1
kp_5_7,Η θανατική ποινή μη αναστρέψιμη,Πρέπει να καταργήσουμε τη θανατική ποινή,1
kp_5_8,Η θανατική ποινή είναι σπατάλη πόρων,Πρέπει να καταργήσουμε τη θανατική ποινή,1
kp_5_9,Η θανατική ποινή είναι αναποτελεσματική στην αποτροπή εγκλημάτων,Πρέπει να καταργήσουμε τη θανατική ποινή,1
kp_6_0,Τα δικαιώματα πνευματικής ιδιοκτησίας παρέχουν κίνητρα για δημιουργικότητα/καινοτομία,Πρέπει να καταργήσουμε τα δικαιώματα πνευματικής ιδιοκτησίας,-1
kp_6_1,Τα δικαιώματα πνευματικής ιδιοκτησίας παρέχουν κίνητρα για επενδύσεις στην ανάπτυξη νέων προϊόντων,Πρέπει να καταργήσουμε τα δικαιώματα πνευματικής ιδιοκτησίας,-1
kp_6_2,"Οι άνθρωποι, ή μια επιχείρηση, είναι κύριοι των καινοτομιών τους και θα πρέπει να μπορούν να αποζημιώνονται για την προσπάθειά τους",Πρέπει να καταργήσουμε τα δικαιώματα πνευματικής ιδιοκτησίας,-1
kp_6_3,Τα δικαιώματα πνευματικής ιδιοκτησίας προστατεύουν από την κλοπή,Πρέπει να καταργήσουμε τα δικαιώματα πνευματικής ιδιοκτησίας,-1
kp_6_4,Η πνευματική ιδιοκτησία περιορίζει την πρόσβαση σε σημαντικές πληροφορίες/προϊόντα,Πρέπει να καταργήσουμε τα δικαιώματα πνευματικής ιδιοκτησίας,1
kp_6_5,τα δικαιώματα πνευματικής ιδιοκτησίας είναι άκυρα,Πρέπει να καταργήσουμε τα δικαιώματα πνευματικής ιδιοκτησίας,1
kp_6_6,Τα δικαιώματα πνευματικής ιδιοκτησίας είναι αθέμιτα,Πρέπει να καταργήσουμε τα δικαιώματα πνευματικής ιδιοκτησίας,1
kp_6_7,Τα δικαιώματα πνευματικής ιδιοκτησίας σπαταλούν χρήματα,Πρέπει να καταργήσουμε τα δικαιώματα πνευματικής ιδιοκτησίας,1
kp_6_8,Η πνευματική ιδιοκτησία εμποδίζει τη συνεχή βελτίωση μιας υπηρεσίας/προϊόντος,Πρέπει να καταργήσουμε τα δικαιώματα πνευματικής ιδιοκτησίας,1
kp_6_9,Τα δικαιώματα πνευματικής ιδιοκτησίας βλάπτουν τη δημιουργικότητα/καινοτομία,Πρέπει να καταργήσουμε τα δικαιώματα πνευματικής ιδιοκτησίας,1
kp_9_0,Ο αθεϊσμός στερείται ηθικής,Πρέπει να υιοθετήσουμε τον αθεϊσμό,-1
kp_9_1,Οι άνθρωποι πρέπει να επιλέξουν οι ίδιοι αν θα υιοθετήσουν τον Αθεϊσμό,Πρέπει να υιοθετήσουμε τον αθεϊσμό,-1
kp_9_2,Ο αθεϊσμός κάνει διακρίσεις εναντίον των θρησκευόμενων ανθρώπων / παραβιάζει την ελευθερία της θρησκείας,Πρέπει να υιοθετήσουμε τον αθεϊσμό,-1
kp_9_3,Ο αθεϊσμός είναι επωφελής για το άτομο που τον υιοθετεί,Πρέπει να υιοθετήσουμε τον αθεϊσμό,1
kp_9_4,Ο αθεϊσμός πρέπει να υιοθετηθεί αφού δεν μπορούμε να αποδείξουμε ότι υπάρχει Θεός,Πρέπει να υιοθετήσουμε τον αθεϊσμό,1
kp_9_5,Οι θρησκείες είναι ανήθικες και οι άνθρωποι δεν πρέπει να τις ακολουθούν,Πρέπει να υιοθετήσουμε τον αθεϊσμό,1
kp_9_6,Η επιστήμη μπορεί να εξηγήσει επαρκώς το Σύμπαν,Πρέπει να υιοθετήσουμε τον αθεϊσμό,1
kp_10_0,Ο ελευθεριωτισμός βλάπτει την οικονομική ανάπτυξη,Πρέπει να υιοθετήσουμε τον ελευθεριασμό,-1
kp_10_1,Ο ελευθεριωτισμός βλάπτει τις μειονότητες/αυτούς που είναι χειρότερα,Πρέπει να υιοθετήσουμε τον ελευθεριασμό,-1
kp_10_2,Ο ελευθεριωτισμός είναι άδικος/μη ίσος,Πρέπει να υιοθετήσουμε τον ελευθεριασμό,-1
kp_10_3,Ο ελευθεριωτισμός αφαιρεί βασικούς νόμους/υποδομές/κυβερνητικές υπηρεσίες,Πρέπει να υιοθετήσουμε τον ελευθεριασμό,-1
kp_10_4,Η κυβέρνηση είναι απαραίτητη για την προστασία των δικαιωμάτων των πολιτών,Πρέπει να υιοθετήσουμε τον ελευθεριασμό,-1
kp_10_5,Ο ελευθεριωτισμός αυξάνει την ελευθερία στο πολιτικό σύστημα,Πρέπει να υιοθετήσουμε τον ελευθεριασμό,1
kp_10_6,Ο ελευθεριωτισμός αυξάνει την ευτυχία/εκπλήρωση,Πρέπει να υιοθετήσουμε τον ελευθεριασμό,1
kp_10_7,Ο ελευθεριωτισμός αυξάνει την οικονομική ανάπτυξη,Πρέπει να υιοθετήσουμε τον ελευθεριασμό,1
kp_10_8,Ο ελευθεριωτισμός αυξάνει την ατομική ελευθερία/ελευθερίες,Πρέπει να υιοθετήσουμε τον ελευθεριασμό,1
kp_11_0,Η κλωνοποίηση μπορεί να χρησιμοποιηθεί για την αναπαραγωγή οργάνων,Πρέπει να απαγορεύσουμε την ανθρώπινη κλωνοποίηση,-1
kp_11_1,Η κλωνοποίηση βοηθά όσους δεν μπορούν να αποκτήσουν παιδί με άλλο τρόπο,Πρέπει να απαγορεύσουμε την ανθρώπινη κλωνοποίηση,-1
kp_11_2,Η κλωνοποίηση προάγει την υγεία,Πρέπει να απαγορεύσουμε την ανθρώπινη κλωνοποίηση,-1
kp_11_3,Η κλωνοποίηση προωθεί την επιστήμη/έρευνα,Πρέπει να απαγορεύσουμε την ανθρώπινη κλωνοποίηση,-1
kp_11_4,Η κλωνοποίηση μπορεί να χρησιμοποιηθεί για να δημιουργηθούν πιο προηγμένοι άνθρωποι,Πρέπει να απαγορεύσουμε την ανθρώπινη κλωνοποίηση,-1
kp_11_5,Η κλωνοποίηση δεν είναι αρκετά κατανοητή ακόμα,Πρέπει να απαγορεύσουμε την ανθρώπινη κλωνοποίηση,1
kp_11_6,Η κλωνοποίηση είναι ανήθικη/αντιθρησκευτική,Πρέπει να απαγορεύσουμε την ανθρώπινη κλωνοποίηση,1
kp_11_7,Η κλωνοποίηση είναι αφύσικη,Πρέπει να απαγορεύσουμε την ανθρώπινη κλωνοποίηση,1
kp_11_8,Η κλωνοποίηση είναι επικίνδυνη,Πρέπει να απαγορεύσουμε την ανθρώπινη κλωνοποίηση,1
kp_12_0,Η πρόσληψη ιδιωτικών στρατιωτικών εταιρειών είναι οικονομικά επωφελής,Πρέπει να απαγορεύσουμε τις ιδιωτικές στρατιωτικές εταιρείες,-1
kp_12_1,Οι ιδιωτικές στρατιωτικές εταιρείες είναι καλά εκπαιδευμένες/καλύτερα εξοπλισμένες,Πρέπει να απαγορεύσουμε τις ιδιωτικές στρατιωτικές εταιρείες,-1
kp_12_2,Οι ιδιωτικές στρατιωτικές εταιρείες μπορούν να συμπληρώσουν τους τακτικούς στρατούς σε συγκεκριμένα καθήκοντα που οι στρατοί δεν μπορούν ή δεν θέλουν να κάνουν,Πρέπει να απαγορεύσουμε τις ιδιωτικές στρατιωτικές εταιρείες,-1
kp_12_3,Οι ιδιωτικές στρατιωτικές εταιρείες αυξάνουν την ασφάλεια,Πρέπει να απαγορεύσουμε τις ιδιωτικές στρατιωτικές εταιρείες,-1
kp_12_4,Οι ιδιωτικές στρατιωτικές εταιρείες δεν είναι επαγγελματικές,Πρέπει να απαγορεύσουμε τις ιδιωτικές στρατιωτικές εταιρείες,1
kp_12_5,Το κύριο ενδιαφέρον των ιδιωτικών στρατιωτικών εταιρειών είναι το κέρδος,Πρέπει να απαγορεύσουμε τις ιδιωτικές στρατιωτικές εταιρείες,1
kp_12_6,Οι ιδιωτικές στρατιωτικές εταιρείες επιδιώκουν να εμπλακούν ή να παρατείνουν τη σύγκρουση,Πρέπει να απαγορεύσουμε τις ιδιωτικές στρατιωτικές εταιρείες,1
kp_12_7,Οι ιδιωτικές στρατιωτικές εταιρείες είναι λιγότερο ηθικές και παραβιάζουν δικαιώματα ή διαπράττουν εγκλήματα,Πρέπει να απαγορεύσουμε τις ιδιωτικές στρατιωτικές εταιρείες,1
kp_12_8,Οι ιδιωτικές στρατιωτικές εταιρείες δεν μπορούν να εμπιστευτούν ότι είναι πιστές στη χώρα που τις προσλαμβάνει,Πρέπει να απαγορεύσουμε τις ιδιωτικές στρατιωτικές εταιρείες,1
kp_13_0,Η δράση μπορεί να είναι το όνειρο του παιδιού,Πρέπει να απαγορεύσουμε τη χρήση παιδιών ηθοποιών,-1
kp_13_1,Οι παιδικοί ερμηνευτές επιτυγχάνουν επιτυχία/αυτοπεποίθηση,Πρέπει να απαγορεύσουμε τη χρήση παιδιών ηθοποιών,-1
kp_13_2,Οι παιδικοί ερμηνευτές είναι απαραίτητοι για τους ρόλους,Πρέπει να απαγορεύσουμε τη χρήση παιδιών ηθοποιών,-1
kp_13_3,"Οι ανήλικοι ερμηνευτές δεν πρέπει να απαγορεύονται, αρκεί να υπάρχει εποπτεία/ρύθμιση",Πρέπει να απαγορεύσουμε τη χρήση παιδιών ηθοποιών,-1
kp_13_4,Οι γονείς πρέπει να αποφασίσουν για το παιδί τους,Πρέπει να απαγορεύσουμε τη χρήση παιδιών ηθοποιών,-1
kp_13_5,Το να είσαι ερμηνευτής βλάπτει την εκπαίδευση του παιδιού,Πρέπει να απαγορεύσουμε τη χρήση παιδιών ηθοποιών,1
kp_13_6,Τα παιδιά ερμηνευτές χάνουν την παιδική τους ηλικία,Πρέπει να απαγορεύσουμε τη χρήση παιδιών ηθοποιών,1
kp_13_7,Οι παιδικοί ερμηνευτές υφίστανται μεγάλη πίεση,Πρέπει να απαγορεύσουμε τη χρήση παιδιών ηθοποιών,1
kp_13_8,Τα παιδιά ερμηνευτές τείνουν να αναπτύσσουν προβλήματα αργότερα στη ζωή,Πρέπει να απαγορεύσουμε τη χρήση παιδιών ηθοποιών,1
kp_13_9,Τα παιδιά ερμηνευτές κινδυνεύουν από εκμετάλλευση,Πρέπει να απαγορεύσουμε τη χρήση παιδιών ηθοποιών,1
kp_14_0,Το κλείσιμο του στρατοπέδου κράτησης του Γκουαντάναμο θα βλάψει την εθνική ασφάλεια,Πρέπει να κλείσουμε το στρατόπεδο κράτησης του Γκουαντάναμο,-1
kp_14_1,Το στρατόπεδο κράτησης του Γκουαντάναμο είναι καλύτερο για τους κρατουμένους από τις εναλλακτικές λύσεις,Πρέπει να κλείσουμε το στρατόπεδο κράτησης του Γκουαντάναμο,-1
kp_14_2,Το στρατόπεδο κράτησης του Γκουαντάναμο είναι απαραίτητο για την απόκτηση πληροφοριών,Πρέπει να κλείσουμε το στρατόπεδο κράτησης του Γκουαντάναμο,-1
kp_14_3,Οι κρατούμενοι έχουν το δικαίωμα να δικαστούν στα δικαστήρια των ΗΠΑ,Πρέπει να κλείσουμε το στρατόπεδο κράτησης του Γκουαντάναμο,1
kp_14_4,Το στρατόπεδο κράτησης του Γκουαντάναμο βλάπτει την εικόνα/φήμη/τους θεσμούς των ΗΠΑ,Πρέπει να κλείσουμε το στρατόπεδο κράτησης του Γκουαντάναμο,1
kp_14_5,Το στρατόπεδο κράτησης του Γκουαντάναμο είναι ακριβό,Πρέπει να κλείσουμε το στρατόπεδο κράτησης του Γκουαντάναμο,1
kp_14_6,Το προσωπικό του στρατοπέδου κράτησης του Γκουαντάναμο διαπράττει εγκλήματα εναντίον των κρατουμένων,Πρέπει να κλείσουμε το στρατόπεδο κράτησης του Γκουαντάναμο,1
kp_14_7,Άδικη μεταχείριση/τακτικές χρησιμοποιούνται στο στρατόπεδο κράτησης του Γκουαντάναμο,Πρέπει να κλείσουμε το στρατόπεδο κράτησης του Γκουαντάναμο,1
kp_14_8,Το στρατόπεδο κράτησης του Γκουαντάναμο είναι σύμβολο διακρίσεων/αδικίας,Πρέπει να κλείσουμε το στρατόπεδο κράτησης του Γκουαντάναμο,1
kp_16_0,Η υποχρεωτική ηλικία συνταξιοδότησης δημιουργεί ευκαιρίες για άλλους εργαζόμενους,Πρέπει να βάλουμε τέλος στην υποχρεωτική συνταξιοδότηση,-1
kp_16_1,η υποχρεωτική ηλικία συνταξιοδότησης ωφελεί όσους πρόκειται να συνταξιοδοτηθούν,Πρέπει να βάλουμε τέλος στην υποχρεωτική συνταξιοδότηση,-1
kp_16_2,Η υποχρεωτική ηλικία συνταξιοδότησης μειώνει τη θεσμική γνώση,Πρέπει να βάλουμε τέλος στην υποχρεωτική συνταξιοδότηση,1
kp_16_3,Η υποχρεωτική ηλικία συνταξιοδότησης βλάπτει την οικονομία,Πρέπει να βάλουμε τέλος στην υποχρεωτική συνταξιοδότηση,1
kp_16_4,Η υποχρεωτική συνταξιοδότηση δεν είναι δίκαιη/δεν εισάγει διακρίσεις,Πρέπει να βάλουμε τέλος στην υποχρεωτική συνταξιοδότηση,1
kp_16_5,Η υποχρεωτική συνταξιοδότηση μειώνει την ποιότητα ζωής για όσους αναγκάζονται να συνταξιοδοτηθούν,Πρέπει να βάλουμε τέλος στην υποχρεωτική συνταξιοδότηση,1
kp_16_6,Θα πρέπει να αφήσουμε όλους να συνταξιοδοτηθούν όταν είναι έτοιμοι,Πρέπει να βάλουμε τέλος στην υποχρεωτική συνταξιοδότηση,1
kp_17_0,Τα πυρηνικά όπλα είναι απαραίτητα για την προστασία και την αποτροπή,Πρέπει να αγωνιστούμε για την κατάργηση των πυρηνικών όπλων,-1
kp_17_1,Τα πυρηνικά όπλα μπορούν να πέσουν σε λάθος χέρια,Πρέπει να αγωνιστούμε για την κατάργηση των πυρηνικών όπλων,1
kp_17_2,Τα πυρηνικά όπλα προκαλούν ή κλιμακώνουν μια καταστροφική στρατιωτική δράση,Πρέπει να αγωνιστούμε για την κατάργηση των πυρηνικών όπλων,1
kp_18_0,Οι πόλεις προσφέρουν περισσότερες ευκαιρίες,Πρέπει να καταπολεμήσουμε την αστικοποίηση,-1
kp_18_1,Η αστικοποίηση ωφελεί την οικονομία,Πρέπει να καταπολεμήσουμε την αστικοποίηση,-1
kp_18_2,Η αστικοποίηση ωφελεί το περιβάλλον,Πρέπει να καταπολεμήσουμε την αστικοποίηση,-1
kp_18_3,Οι περιορισμοί στη μετανάστευση θα ωφελήσουν τους ανθρώπους στις αγροτικές περιοχές οικονομικά/κοινωνικά,Πρέπει να καταπολεμήσουμε την αστικοποίηση,1
kp_18_4,Η αστικοποίηση προκαλεί εγκληματικότητα,Πρέπει να καταπολεμήσουμε την αστικοποίηση,1
kp_18_5,Η αστικοποίηση βλάπτει το περιβάλλον,Πρέπει να καταπολεμήσουμε την αστικοποίηση,1
kp_18_6,Η αστικοποίηση προκαλεί πίεση στους πόρους των πόλεων,Πρέπει να καταπολεμήσουμε την αστικοποίηση,1
kp_19_0,Η αποχή από μια ψηφοφορία αντικατοπτρίζει επίσης τις προτιμήσεις σας,Πρέπει να εισαγάγουμε την υποχρεωτική ψηφοφορία,-1
kp_19_1,Οι πολίτες έχουν το δικαίωμα να μην ψηφίσουν,Πρέπει να εισαγάγουμε την υποχρεωτική ψηφοφορία,-1
kp_19_2,Η υποχρεωτική ψηφοφορία μπορεί να κάνει τους ανθρώπους να ψηφίσουν με έναν μη ενημερωμένο / τυχαίο τρόπο,Πρέπει να εισαγάγουμε την υποχρεωτική ψηφοφορία,-1
kp_19_3,Δεν έχουν όλοι τη δυνατότητα να πάνε να ψηφίσουν,Πρέπει να εισαγάγουμε την υποχρεωτική ψηφοφορία,-1
kp_19_4,Η υποχρεωτική ψηφοφορία αυξάνει την εκπροσώπηση,Πρέπει να εισαγάγουμε την υποχρεωτική ψηφοφορία,1
kp_19_5,Η υποχρεωτική ψηφοφορία θα κάνει περισσότερους ανθρώπους να ενδιαφέρονται για την πολιτική,Πρέπει να εισαγάγουμε την υποχρεωτική ψηφοφορία,1
kp_19_6,Οι άνθρωποι έχουν την υποχρέωση να ψηφίσουν,Πρέπει να εισαγάγουμε την υποχρεωτική ψηφοφορία,1
kp_20_0,Η κάνναβη βλάπτει το σώμα,Πρέπει να νομιμοποιήσουμε την κάνναβη,-1
kp_20_1,Η κάνναβη αυξάνει την έλλειψη κρίσης/τα ατυχήματα,Πρέπει να νομιμοποιήσουμε την κάνναβη,-1
kp_20_2,Η κάνναβη είναι ένα ναρκωτικό-πύλη/εθιστικό,Πρέπει να νομιμοποιήσουμε την κάνναβη,-1
kp_20_3,Η νόμιμη κάνναβη μπορεί να φτάσει στα χέρια ανήλικων εφήβων/παιδιών,Πρέπει να νομιμοποιήσουμε την κάνναβη,-1
kp_20_4,Η νόμιμη κάνναβη θα ενισχύσει τη μαύρη αγορά/εγκληματική δραστηριότητα,Πρέπει να νομιμοποιήσουμε την κάνναβη,-1
kp_20_5,Η κάνναβη είναι οικονομικά επωφελής,Πρέπει να νομιμοποιήσουμε την κάνναβη,1
kp_20_6,Η κάνναβη είναι ασφαλής/υγιής/ανακουφίζει από τον πόνο,Πρέπει να νομιμοποιήσουμε την κάνναβη,1
kp_20_7,Αν η κάνναβη νομιμοποιούνταν θα μπορούσε να ρυθμιστεί,Πρέπει να νομιμοποιήσουμε την κάνναβη,1
kp_20_8,"Οι άνθρωποι θα πρέπει να έχουν το δικαίωμα να κάνουν ό,τι θέλουν με το σώμα τους",Πρέπει να νομιμοποιήσουμε την κάνναβη,1
kp_20_9,"Το αλκοόλ και ο καπνός είναι πιο επιβλαβή ναρκωτικά, αλλά παραμένουν νόμιμα",Πρέπει να νομιμοποιήσουμε την κάνναβη,1
kp_20_10,Η νομιμοποίηση της κάνναβης θα μειώσει τη μαύρη αγορά/την εγκληματική δραστηριότητα,Πρέπει να νομιμοποιήσουμε την κάνναβη,1
kp_21_0,Η νομιμοποίηση θα οδηγήσει σε περισσότερα σεξουαλικά μεταδιδόμενα νοσήματα,Πρέπει να νομιμοποιήσουμε την πορνεία,-1
kp_21_1,Η νομιμοποίηση της σεξουαλικής εργασίας θα αυξήσει την ανήθικη συμπεριφορά όπως ο νταβατζής/το οργανωμένο έγκλημα/η εμπορία ανθρώπων,Πρέπει να νομιμοποιήσουμε την πορνεία,-1
kp_21_2,Η νομιμοποίηση της εργασίας του σεξ θα αυξήσει τη βία κατά των γυναικών,Πρέπει να νομιμοποιήσουμε την πορνεία,-1
kp_21_3,Το να πουλάς το σώμα σου είναι ανήθικο,Πρέπει να νομιμοποιήσουμε την πορνεία,-1
kp_21_4,Η νομιμοποίηση της εργασίας του σεξ ενισχύει την οικονομία,Πρέπει να νομιμοποιήσουμε την πορνεία,1
kp_21_5,"Η νομιμοποίηση της εργασίας του σεξ αυξάνει τα οφέλη των εργαζομένων του σεξ (π.χ. υγειονομική περίθαλψη, ασφαλές σεξ, συνδικαλιστική δράση, κ.λπ.)",Πρέπει να νομιμοποιήσουμε την πορνεία,1
kp_21_6,Η νομιμοποίηση της εργασίας του σεξ θα επιτρέψει τη ρύθμιση των επαγγελματιών.,Πρέπει να νομιμοποιήσουμε την πορνεία,1
kp_21_7,Η νομιμοποίηση της εργασίας του σεξ θα κάνει το επάγγελμα ασφαλέστερο για τις γυναίκες,Πρέπει να νομιμοποιήσουμε την πορνεία,1
kp_21_8,Η εργασία του σεξ είναι μια έγκυρη επιλογή για το σώμα σας,Πρέπει να νομιμοποιήσουμε την πορνεία,1
kp_22_0,Η επιλογή του φύλου μπορεί να οδηγήσει σε ανισορροπία των φύλων,Πρέπει να νομιμοποιήσουμε την επιλογή φύλου,-1
kp_22_1,Η επιλογή του φύλου είναι ενάντια στην παράδοση,Πρέπει να νομιμοποιήσουμε την επιλογή φύλου,-1
kp_22_2,Η επιλογή του φύλου είναι ακριβή,Πρέπει να νομιμοποιήσουμε την επιλογή φύλου,-1
kp_22_3,Η επιλογή φύλου επιβεβαιώνει τα στερεότυπα/προκαταλήψεις φύλου,Πρέπει να νομιμοποιήσουμε την επιλογή φύλου,-1
kp_22_4,Η επιλογή του φύλου θα δημιουργήσει αμβλώσεις/βρεφοκτονίες,Πρέπει να νομιμοποιήσουμε την επιλογή φύλου,-1
kp_22_5,Είναι ανήθικο/ανθυγιεινό για τους γονείς να παρεμβαίνουν,Πρέπει να νομιμοποιήσουμε την επιλογή φύλου,-1
kp_22_6,Είναι στο πλαίσιο των ελευθεριών των γονέων να επιλέξουν το φύλο του παιδιού,Πρέπει να νομιμοποιήσουμε την επιλογή φύλου,1
kp_22_7,Η επιλογή του φύλου επιτρέπει τον καλύτερο οικογενειακό προγραμματισμό,Πρέπει να νομιμοποιήσουμε την επιλογή φύλου,1
kp_22_8,Η επιλογή του φύλου αποτρέπει τις ασθένειες στο παιδί,Πρέπει να νομιμοποιήσουμε την επιλογή φύλου,1
kp_22_9,Η επιλογή του φύλου θα αποτρέψει τις αμβλώσεις/βρεφοκτονίες,Πρέπει να νομιμοποιήσουμε την επιλογή φύλου,1
kp_22_10,Η επιλογή του φύλου κάνει την οικογένεια πιο ευτυχισμένη/ολοκληρωμένη,Πρέπει να νομιμοποιήσουμε την επιλογή φύλου,1
kp_23_0,Το κάψιμο σημαιών είναι ένα αποτελεσματικό εργαλείο έκφρασης/διαμαρτυρίας/κριτικής,Πρέπει να απαγορεύσουμε το κάψιμο σημαιών,-1
kp_23_1,Το κάψιμο σημαιών δικαιολογείται λόγω της ελευθερίας της έκφρασης,Πρέπει να απαγορεύσουμε το κάψιμο σημαιών,-1
kp_23_2,Το κάψιμο σημαιών είναι μια εμπρηστική πράξη,Πρέπει να απαγορεύσουμε το κάψιμο σημαιών,1
kp_23_3,Οι σημαίες είναι σημαντικά σύμβολα που πρέπει να γίνονται σεβαστά,Πρέπει να απαγορεύσουμε το κάψιμο σημαιών,1
kp_24_0,Πρέπει να υπάρχει ισότητα μεταξύ ανδρών και γυναικών.,Πρέπει να απαγορεύσουμε τις γυναίκες στη μάχη,-1
kp_24_1,Οι γυναίκες είναι ένα πλεονέκτημα στη μάχη,Πρέπει να απαγορεύσουμε τις γυναίκες στη μάχη,-1
kp_24_2,Οι γυναίκες μπορούν να δημιουργήσουν μοναδικές δεξιότητες/στρατηγικές,Πρέπει να απαγορεύσουμε τις γυναίκες στη μάχη,-1
kp_24_3,Οι γυναίκες μπορούν να ξεπεράσουν τις διαφορές και να είναι εξίσου ικανές στη μάχη,Πρέπει να απαγορεύσουμε τις γυναίκες στη μάχη,-1
kp_24_4,Οι γυναίκες θα πρέπει να μπορούν να υπηρετούν σε μάχη αν το επιλέξουν,Πρέπει να απαγορεύσουμε τις γυναίκες στη μάχη,-1
kp_24_5,Οι γυναίκες πρέπει να γίνονται δεκτές αρκεί να περάσουν τις εξετάσεις,Πρέπει να απαγορεύσουμε τις γυναίκες στη μάχη,-1
kp_24_6,Οι άνδρες είναι πιο κατάλληλοι για ρόλους μάχης από τις γυναίκες,Πρέπει να απαγορεύσουμε τις γυναίκες στη μάχη,1
kp_24_7,Οι γυναίκες δεν μπορούν να ξεπεράσουν τα σωματικά/συναισθηματικά/ψυχικά εμπόδια,Πρέπει να απαγορεύσουμε τις γυναίκες στη μάχη,1
kp_24_8,Οι γυναίκες στη μάχη μπορούν να αποσπάσουν την προσοχή ή να βλάψουν τη λειτουργία του στρατού,Πρέπει να απαγορεύσουμε τις γυναίκες στη μάχη,1
kp_24_9,Οι γυναίκες θα πρέπει να υπηρετούν σε ασφαλέστερους ρόλους,Πρέπει να απαγορεύσουμε τις γυναίκες στη μάχη,1
kp_24_10,Η σύλληψη γυναικών στρατιωτών αποτελεί μεγάλη ανησυχία,Πρέπει να απαγορεύσουμε τις γυναίκες στη μάχη,1
kp_25_0,Η κυβερνητική παρέμβαση ενέχει τον κίνδυνο να εισαγάγει μεροληψία/να βλάψει την αντικειμενικότητα,Πρέπει να επιδοτήσουμε τη δημοσιογραφία,-1
kp_25_1,Είναι προτιμότερο να ξοδέψετε τα χρήματα αλλού,Πρέπει να επιδοτήσουμε τη δημοσιογραφία,-1
kp_25_2,Η δημοσιογραφία είναι σαν κάθε άλλη επιχείρηση και αν δεν είναι βιώσιμη θα πρέπει να αποτύχει,Πρέπει να επιδοτήσουμε τη δημοσιογραφία,-1
kp_25_3,Η δημοσιογραφία είναι σημαντική για τη διάδοση πληροφοριών/λογοδοσία,Πρέπει να επιδοτήσουμε τη δημοσιογραφία,1
kp_25_4,Οι επιδοτήσεις θα αυξήσουν την ποιότητα της δημοσιογραφίας,Πρέπει να επιδοτήσουμε τη δημοσιογραφία,1
kp_25_5,Η επιδότηση αυξάνει την αντικειμενικότητα στην αναφορά,Πρέπει να επιδοτήσουμε τη δημοσιογραφία,1
kp_25_6,Η επιδότηση είναι σημαντική για να γίνει βιώσιμη η δημοσιογραφία,Πρέπει να επιδοτήσουμε τη δημοσιογραφία,1
kp_26_0,Η εξερεύνηση του διαστήματος μπορεί να γίνει από τον ιδιωτικό τομέα,Πρέπει να επιδοτήσουμε την εξερεύνηση του διαστήματος,-1
kp_26_1,Η εξερεύνηση του διαστήματος είναι ακριβή,Πρέπει να επιδοτήσουμε την εξερεύνηση του διαστήματος,-1
kp_26_2,Η εξερεύνηση του διαστήματος είναι αναποτελεσματική,Πρέπει να επιδοτήσουμε την εξερεύνηση του διαστήματος,-1
kp_26_3,Υπάρχουν θέματα πιο σημαντικά για χρηματοδότηση από την εξερεύνηση του διαστήματος,Πρέπει να επιδοτήσουμε την εξερεύνηση του διαστήματος,-1
kp_26_4,Η εξερεύνηση του διαστήματος μπορεί να βοηθήσει στην αποικιοκρατία των πόρων/των εδαφών άλλων πλανητών,Πρέπει να επιδοτήσουμε την εξερεύνηση του διαστήματος,1
kp_26_5,Η εξερεύνηση του διαστήματος βελτιώνει την επιστήμη/τεχνολογία,Πρέπει να επιδοτήσουμε την εξερεύνηση του διαστήματος,1
kp_26_6,Η εξερεύνηση του διαστήματος είναι οικονομικά επωφελής,Πρέπει να επιδοτήσουμε την εξερεύνηση του διαστήματος,1
kp_26_7,Η εξερεύνηση του διαστήματος είναι απαραίτητη για τη μελλοντική επιβίωση της ανθρωπότητας,Πρέπει να επιδοτήσουμε την εξερεύνηση του διαστήματος,1
kp_26_8,Η εξερεύνηση του διαστήματος αποκαλύπτει πληροφορίες για το σύμπαν,Πρέπει να επιδοτήσουμε την εξερεύνηση του διαστήματος,1
kp_27_0,η επιδότηση της επαγγελματικής εκπαίδευσης οδηγεί σε εισροή σε αυτά τα επαγγέλματα,Πρέπει να επιδοτήσουμε την επαγγελματική εκπαίδευση,-1
kp_27_1,Η επαγγελματική εκπαίδευση δεν είναι μια καλή επιλογή σταδιοδρομίας,Πρέπει να επιδοτήσουμε την επαγγελματική εκπαίδευση,-1
kp_27_2,Η επιδότηση της επαγγελματικής εκπαίδευσης εκτρέπει τα χρήματα από πιο άξιες αιτίες,Πρέπει να επιδοτήσουμε την επαγγελματική εκπαίδευση,-1
kp_27_3,η επιδότηση της επαγγελματικής εκπαίδευσης είναι ακριβή,Πρέπει να επιδοτήσουμε την επαγγελματική εκπαίδευση,-1
kp_27_4,η επιδότηση της επαγγελματικής εκπαίδευσης προωθεί όσους έχουν λιγότερους πόρους,Πρέπει να επιδοτήσουμε την επαγγελματική εκπαίδευση,1
kp_27_5,Η επαγγελματική εκπαίδευση είναι μια καλή επιλογή σταδιοδρομίας,Πρέπει να επιδοτήσουμε την επαγγελματική εκπαίδευση,1
kp_27_6,Η επαγγελματική εκπαίδευση ταιριάζει καλύτερα σε πολλούς μαθητές,Πρέπει να επιδοτήσουμε την επαγγελματική εκπαίδευση,1
kp_27_7,Η επαγγελματική εκπαίδευση είναι επωφελής για ολόκληρη την αγορά/κοινωνία,Πρέπει να επιδοτήσουμε την επαγγελματική εκπαίδευση,1
